<?xml version="1.0" encoding="UTF-8"?>
<beans xmlns="http://www.springframework.org/schema/beans"
	xmlns:xsi="http://www.w3.org/2001/XMLSchema-instance"
	xmlns:p="http://www.springframework.org/schema/p" 
	xsi:schemaLocation="http://www.springframework.org/schema/beans 
	   		http://www.springframework.org/schema/beans/spring-beans-3.0.xsd">
	
	<!-- The bean that does the actual work -->
	<bean id="task" class="org.krams.tutorial.job.SyncWorker" />
	
	<!-- ////////////////////////////////////////////////////////////////////////////////////////////////////////////////////////////////////  -->
	<!--  SIMPLE JOB -->
	
	<!--  A simple job factory: MethodInvokingJobDetailFactoryBean
			If you just need to invoke a method from an object, use this bean factory 
			See: 25.6.2 Using the MethodInvokingJobDetailFactoryBean
			@http://static.springsource.org/spring/docs/3.0.x/spring-framework-reference/html/scheduling.html -->
	<bean id="methodJobDetailBean" class="org.springframework.scheduling.quartz.MethodInvokingJobDetailFactoryBean"
		    p:concurrent="false"
		    p:targetObject-ref="task"
		    p:targetMethod="work"/>

	
	<!--  A simple trigger: SimpleTriggerBean
			See: 25.6.3 Wiring up jobs using triggers and the SchedulerFactoryBean
			@http://static.springsource.org/spring/docs/3.0.x/spring-framework-reference/html/scheduling.html-->
	<!-- startDelay: Delay 10 seconds 
		 	repeatInterval: Repeat every 10 seconds -->
	<bean id="simpleTrigger" class="org.springframework.scheduling.quartz.SimpleTriggerBean"
			p:jobDetail-ref="methodJobDetailBean" 
			p:startDelay="10000"
			p:repeatInterval="10000" />
	
	<!-- ////////////////////////////////////////////////////////////////////////////////////////////////////////////////////////////////////  -->
	<!--  COMPLEX JOB -->
	
	<!-- Quartz uses Trigger, Job and JobDetail objects to realize scheduling of all kinds of jobs. 
			For the basic concepts behind Quartz, have a look at http://www.opensymphony.com/quartz.
			See: http://static.springsource.org/spring/docs/3.0.x/spring-framework-reference/html/scheduling.html#scheduling-quartz -->
	<bean name="jobDetailBean" class="org.springframework.scheduling.quartz.JobDetailBean"
	  		p:jobClass="org.krams.tutorial.job.CustomJob" >
	  		<property name="jobDataAsMap">
	  			<map>
	  				<entry key="worker" >
	  					<ref bean="task" />
	  				</entry>
	  			</map>
	  		</property>
	</bean>
	
	<!-- Convenience subclass of Quartz's CronTrigger class, making bean-style usage easier. 
			See: http://static.springsource.org/spring/docs/3.0.x/javadoc-api/org/springframework/scheduling/quartz/CronTriggerBean.html
			Cron Expression: http://en.wikipedia.org/wiki/CRON_expression	-->
	<!-- startDelay: Delay 10 seconds 
			cronExpression:Repeat every morning at 10th of the second -->		
	<bean id="cronTrigger" class="org.springframework.scheduling.quartz.CronTriggerBean"
	    	p:jobDetail-ref="jobDetailBean" 
	    	p:startDelay="10000"
	    	p:cronExpression="0/10 * * * * ?" />
	
	<!-- //////////////////////////////////////////////////////////////////////////////////////////////////////////////////////////////////// -->
	<!--  SCHEDULER FOR BOTH JOBS -->
	
	<!-- Schedules the jobs 
			Triggers need to be scheduled. Spring offers a SchedulerFactoryBean that exposes triggers to be set as properties. 
			
			SchedulerFactoryBean schedules the actual jobs with those triggers
			See: 25.6.3 Wiring up jobs using triggers and the SchedulerFactoryBean
			@http://static.springsource.org/spring/docs/3.0.x/spring-framework-reference/html/scheduling.html 
			
			SchedulerFactoryBean API
			http://static.springsource.org/spring/docs/3.0.x/javadoc-api/org/springframework/scheduling/quartz/SchedulerFactoryBean.html
			-->
	<bean class="org.springframework.scheduling.quartz.SchedulerFactoryBean"
			p:waitForJobsToCompleteOnShutdown="true" >
		    <property name="triggers">
		        <list>
		            <ref bean="simpleTrigger"/>
	            	<!--<ref bean="cronTrigger" />-->
		        </list>
		    </property>
		    <!--<property name="quartzProperties"> 
				<props> 
					<prop key="org.quartz.threadPool.class">org.quartz.simpl.SimpleThreadPool</prop>
					<prop key="org.quartz.threadPool.threadCount">5</prop> 
					<prop key="org.quartz.threadPool.threadPriority">4</prop>
				</props>
			</property>-->
	</bean>
</beans>