<?xml version="1.0" encoding="UTF-8"?>
<beans xmlns="http://www.springframework.org/schema/beans"
	xmlns:xsi="http://www.w3.org/2001/XMLSchema-instance"
	xmlns:context="http://www.springframework.org/schema/context"
	xmlns:mvc="http://www.springframework.org/schema/mvc"
	xmlns:p="http://www.springframework.org/schema/p"
	xsi:schemaLocation="http://www.springframework.org/schema/beans 
	   					   http://www.springframework.org/schema/beans/spring-beans-3.0.xsd
	   					   http://www.springframework.org/schema/context
	   					   http://www.springframework.org/schema/context/spring-context-3.0.xsd
						   http://www.springframework.org/schema/mvc 
						   http://www.springframework.org/schema/mvc/spring-mvc-3.0.xsd" >

	<!-- Activates various annotations to be detected in bean classes -->
	<context:annotation-config />
	
	<!-- Scans the classpath for annotated components that will be auto-registered as Spring beans.
	 For example @Controller and @Service. Make sure to set the correct base-package-->
	<context:component-scan base-package="org.krams.tutorial" />
	
	<!-- Configures the annotation-driven Spring MVC Controller programming model.
		Note that, with Spring 3.0, this tag works in Servlet MVC only!  
		Commented out because of conflict with GWTHandler 
		Instead we declare the elements declaratively!-->
	<!-- <mvc:annotation-driven /> -->
	
	<!-- This allows us to use @Controller and @Service annotations -->
	<bean class="org.springframework.web.servlet.mvc.annotation.DefaultAnnotationHandlerMapping"/>

	<!-- Commented out because of conflict with GWTHandler. You lost @ResponseBody,
		@RequestBody, @PathVariable
	<bean class="org.springframework.web.servlet.mvc.annotation.AnnotationMethodHandlerAdapter">
		<property name="webBindingInitializer">
			<bean class="org.springframework.web.bind.support.ConfigurableWebBindingInitializer"/>
		</property>
		<property name="messageConverters">
			<list>
				<bean class="org.springframework.http.converter.ByteArrayHttpMessageConverter" />
				<bean class="org.springframework.http.converter.StringHttpMessageConverter" />
				<bean class="org.springframework.http.converter.FormHttpMessageConverter" />
				<bean class="org.springframework.http.converter.xml.SourceHttpMessageConverter" />
			</list>
		</property>
	</bean> -->

	<!-- Not really needed but it's part of the mvc:annotation-driven tag-->
	<bean id="conversion-service" class="org.springframework.format.support.FormattingConversionServiceFactoryBean" />
</beans>
