<?xml version="1.0" encoding="UTF-8"?>
<beans xmlns="http://www.springframework.org/schema/beans"
	xmlns:beans="http://www.springframework.org/schema/beans"
	xmlns:xsi="http://www.w3.org/2001/XMLSchema-instance" 
    xmlns:security="http://www.springframework.org/schema/security"
	xsi:schemaLocation="http://www.springframework.org/schema/beans 
	   		http://www.springframework.org/schema/beans/spring-beans-3.0.xsd
			http://www.springframework.org/schema/security 
			http://www.springframework.org/schema/security/spring-security-3.0.xsd">
	
	<!-- This is where we configure Spring-Security  -->
	<security:http auto-config="true" use-expressions="true" access-denied-page="/krams/auth/denied" 
								entry-point-ref="customAuthenticationEntryPoint">
	
		<!--Allow everyone to access the JSP login page -->
		<security:intercept-url pattern="/krams/auth/login" access="permitAll"/>
		
		<!-- Limits access to JSP pages -->
		<security:intercept-url pattern="/krams/main/admin" access="hasRole('ROLE_ADMIN')"/>
		<security:intercept-url pattern="/krams/main/common" access="hasRole('ROLE_USER')"/>
		
		<!-- Limits access to GWT RPC services -->
		<!-- The pattern is based on the web.xml declaration -->
		<security:intercept-url pattern="/gwtmodule/rpc/**" access="hasRole('ROLE_USER')"/>
		
		<!-- If the user is authorized, he will be redirected to the success-handler.
				The sucess-handler is responsible of interpreting what to do next.
				Same principle with the failure-handler -->			
		<security:form-login 
				authentication-success-handler-ref="customAuthenticationSuccessHandler"
				authentication-failure-handler-ref="customAuthenticationFailureHandler" />
		
		<!-- These are the login and logout URLs -->	
		<security:logout 
				invalidate-session="true" 
				logout-success-url="/krams/auth/login" 
				logout-url="/krams/auth/logout"/>
	
	</security:http>
	
	<!-- Declare an authentication-manager to use a custom userDetailsService -->
	<security:authentication-manager>
	        <security:authentication-provider user-service-ref="userDetailsService">
	        		<security:password-encoder ref="passwordEncoder"/>
	        </security:authentication-provider>
	</security:authentication-manager>
	
	<!-- Use a Md5 encoder since the user's passwords are stored as Md5 in the database -->
	<bean class="org.springframework.security.authentication.encoding.Md5PasswordEncoder" id="passwordEncoder"/>

	 <!-- An in-memory list of users. No need to access an external database layer.
		    See Spring Security 3.1 Reference 5.2.1 In-Memory Authentication -->
	 <!-- john's password is admin, while jane;s password is user  -->
	 <security:user-service id="userDetailsService">
	    <security:user name="john" password="21232f297a57a5a743894a0e4a801fc3" authorities="ROLE_USER, ROLE_ADMIN" />
	    <security:user name="jane" password="ee11cbb19052e40b07aac0ca060c23ee" authorities="ROLE_USER" />
	  </security:user-service>
	
	<!-- Custom entry point to indicate that the user needs to authenticate first -->		
	<beans:bean id="customAuthenticationEntryPoint" class="org.krams.tutorial.security.CustomAuthenticationEntryPoint" />
	
	<!-- Custom handler to indicate that the authentication is successful -->		
	<beans:bean id="customAuthenticationSuccessHandler" class="org.krams.tutorial.security.CustomAuthenticationSuccessHandler"/>
	
	<!-- Custom handler to indicate that the authentication has failed -->	
	<beans:bean id="customAuthenticationFailureHandler" class="org.krams.tutorial.security.CustomAuthenticationFailureHandler"/>
		
</beans>
