<?xml version="1.0" encoding="UTF-8"?>
<beans xmlns="http://www.springframework.org/schema/beans"
	xmlns:xsi="http://www.w3.org/2001/XMLSchema-instance"
	xmlns:p="http://www.springframework.org/schema/p" 
	xsi:schemaLocation="http://www.springframework.org/schema/beans 
	   		http://www.springframework.org/schema/beans/spring-beans-3.0.xsd">
	
	<!-- 4.3.1. XPathExpression 
		See http://static.springsource.org/spring-ws/sites/2.0/reference/html/common.html#xpath-->
	<bean id="xpathExpression" class="org.springframework.xml.xpath.XPathExpressionFactoryBean">
        <property name="expression" value="/SOAP-ENV:Envelope//base:subscriptionResponse"/>
        <property name="namespaces" >
        	<map>
        		<entry key="SOAP-ENV">
        			<value>http://schemas.xmlsoap.org/soap/envelope/</value>
        		</entry>
        		<entry key="base">
        			<value>http://krams915.blogspot.com/ws/schema/oss</value>
        		</entry>
        	</map>
        </property>
    </bean>
</beans>