<?xml version="1.0" encoding="UTF-8"?>
<beans xmlns="http://www.springframework.org/schema/beans" 
				xmlns:xsi="http://www.w3.org/2001/XMLSchema-instance"
				xmlns:p="http://www.springframework.org/schema/p" 
				xmlns:sws="http://www.springframework.org/schema/web-services"
    			xmlns:oxm="http://www.springframework.org/schema/oxm"
       			xsi:schemaLocation=
       				"http://www.springframework.org/schema/beans 
       				http://www.springframework.org/schema/beans/spring-beans-3.0.xsd
       	 			http://www.springframework.org/schema/web-services
       				http://www.springframework.org/schema/web-services/web-services-2.0.xsd
       				http://www.springframework.org/schema/oxm 
       				http://www.springframework.org/schema/oxm/spring-oxm-1.5.xsd">

	<!--
			* The WebServiceTemplate requires a messageSender and messageFactory 
			* In order to facilitate the sending of plain Java objects, the WebServiceTemplate requires a marshaller and unmarshaller.
			* The WebServiceTemplate class uses an URI as the message destination. 
			See: http://static.springsource.org/spring-ws/sites/2.0/reference/html/client.html#client-web-service-template
	-->
	<bean id="webServiceTemplate" class="org.springframework.ws.client.core.WebServiceTemplate"
		p:marshaller-ref="jaxbMarshaller"
		p:unmarshaller-ref="jaxbMarshaller"
		p:defaultUri="http://localhost:8081/spring-ws-xwss/krams/ws"
		p:messageSender-ref="messageSender">
		<constructor-arg ref="messageFactory"/> 
		<property name="interceptors">
			<list>
				<ref local="xwsSecurityInterceptor"/>
			</list>
		</property>
	</bean>

	<!-- 
			References
				Chapter 7. Securing your Web services with Spring-WS
				- http://static.springsource.org/spring-ws/sites/2.0/reference/html/security.html
				7.2 XwsSecurityInterceptor
				- http://static.springsource.org/spring-ws/sites/2.0/reference/html/security.html#security-xws-security-interceptor
				What is the XWS-Security Framework?
				- http://download.oracle.com/docs/cd/E17802_01/webservices/webservices/docs/1.6/tutorial/doc/XWS-SecurityIntro4.html#wp564887 
				Example of SOAP request authenticated with WS-UsernameToken
				- http://stackoverflow.com/questions/3448498/example-of-soap-request-authenticated-with-ws-usernametoken -->
	<!--  This is not documented in the Spring WS Reference but the API shows that we can add interceptors -->				
	<bean id="xwsSecurityInterceptor" 
			class="org.springframework.ws.soap.security.xwss.XwsSecurityInterceptor">
		    <property name="policyConfiguration" value="/WEB-INF/securityPolicy.xml"/>
		    <property name="callbackHandlers">
		            <list>
		                <ref bean="callbackHandler"/>
		           	</list>
		    </property>
	</bean>
	
	<!--  As a client the username and password generated by the server must match with the client! -->
	<!-- a simple callback handler to configure users and passwords with an in-memory Properties object. -->
	<bean id="callbackHandler" class="org.springframework.ws.soap.security.xwss.callback.SimplePasswordValidationCallbackHandler">
	    <property name="users">
	        <props>
	            <prop key="mojo">mojopass</prop>
	            <prop key="user">pass</prop>
	        </props>
	    </property>
	</bean>
	<!-- 
			There are two implementations of the WebServiceMessageSender:
			HttpUrlConnectionMessageSender and CommonsHttpMessageSender.
			
			The CommonsHttpMessageSender provides advanced and easy-to-use functionality 
			(such as authentication, HTTP connection pooling, and so forth).
			This uses the Jakarta Commons HttpClient. 
			See http://static.springsource.org/spring-ws/sites/2.0/reference/html/client.html#client-web-service-template
	 -->
	<bean id="messageSender" class="org.springframework.ws.transport.http.CommonsHttpMessageSender"/>
	
	<!-- 
			There are two message factories for SOAP: SaajSoapMessageFactory and AxiomSoapMessageFactory. 
			If no message factory is specified (via the messageFactory property), Spring-WS will use 
			the SaajSoapMessageFactory by default.
			See: http://static.springsource.org/spring-ws/sites/2.0/reference/html/client.html#client-web-service-template
	 -->
	<bean id="messageFactory" class="org.springframework.ws.soap.saaj.SaajSoapMessageFactory"/>
		
	<!-- Here we use the Jaxb2 marshaller to marshall and unmarshall our Java objects -->	
	<bean id="jaxbMarshaller" class="org.springframework.oxm.jaxb.Jaxb2Marshaller"
		p:contextPath="org.krams.tutorial.oxm"/>
		
</beans>