<?xml version="1.0" encoding="UTF-8"?>
<beans xmlns="http://www.springframework.org/schema/beans"
	xmlns:xsi="http://www.w3.org/2001/XMLSchema-instance" 
    xmlns:security="http://www.springframework.org/schema/security"
	xsi:schemaLocation="http://www.springframework.org/schema/beans 
	   		http://www.springframework.org/schema/beans/spring-beans-3.0.xsd
			http://www.springframework.org/schema/security 
			http://www.springframework.org/schema/security/spring-security-3.0.xsd">

	<!-- To enable Method Security Expressions and custom PermissionEvaluator
		we need to add the following -->
	<security:global-method-security pre-post-annotations="enabled">
		<security:expression-handler ref="expressionHandler" />
	</security:global-method-security>

	<!-- To use hasPermission() expressions, we have to configure a PermissionEvaluator -->
	<!-- See 15.3.2 Built-In Expression 
			@http://static.springsource.org/spring-security/site/docs/3.0.x/reference/el-access.html#el-permission-evaluator -->
	<bean id="expressionHandler"
		class="org.springframework.security.access.expression.method.DefaultMethodSecurityExpressionHandler">
		<property name="permissionEvaluator" ref="customPermissionEvaluator" />
		<property name = "roleHierarchy" ref="roleHierarchy"/>
	</bean>
	
	<!-- Declare a custom PermissionEvaluator interface -->
	<bean class="org.krams.tutorial.security.CustomPermissionEvaluator" id="customPermissionEvaluator"/>
  
	<!-- This is where we configure Spring-Security  -->
	<security:http auto-config="true" use-expressions="true" access-denied-page="/krams/auth/denied" >
	
		<security:intercept-url pattern="/krams/auth/login" access="permitAll"/>
		
		<security:form-login
				login-page="/krams/auth/login" 
				authentication-failure-url="/krams/auth/login?error=true" 
				default-target-url="/krams/all/view"/>
			
		<security:logout 
				invalidate-session="true" 
				logout-success-url="/krams/auth/login" 
				logout-url="/krams/auth/logout"/>
	
	</security:http>
	
	<!-- Declare an authentication-manager to use a custom userDetailsService -->
	<security:authentication-manager>
	        <security:authentication-provider user-service-ref="userDetailsService">
	        		<security:password-encoder ref="passwordEncoder"/>
	        </security:authentication-provider>
	</security:authentication-manager>
	
	<!-- Use a Md5 encoder since the user's passwords are stored as Md5 in the database -->
	<bean class="org.springframework.security.authentication.encoding.Md5PasswordEncoder" id="passwordEncoder"/>

	 <!-- An in-memory list of users. No need to access an external database layer.
		    See Spring Security 3.1 Reference 5.2.1 In-Memory Authentication -->
	 <!-- john's password: admin
	 		jane's password: user
	 		mike's password: visitor  -->
	 <security:user-service id="userDetailsService">
	    <security:user name="john" password="21232f297a57a5a743894a0e4a801fc3" authorities="ROLE_ADMIN" />
	    <security:user name="jane" password="ee11cbb19052e40b07aac0ca060c23ee" authorities="ROLE_USER" />
	    <security:user name="mike" password="127870930d65c57ee65fcc47f2170d38" authorities="ROLE_VISITOR" />
	  </security:user-service>
	
	<!-- http://static.springsource.org/spring-security/site/docs/3.0.x/apidocs/org/springframework/security/access/hierarchicalroles/RoleHierarchyImpl.html -->
	<bean id="roleHierarchy"  class="org.springframework.security.access.hierarchicalroles.RoleHierarchyImpl">
	    <property name="hierarchy">
	        <value>
	            ROLE_ADMIN > ROLE_USER
	            ROLE_USER > ROLE_VISITOR
	        </value>
	    </property>
	</bean>
	
</beans>
