<?xml version = "1.0" encoding = "UTF-8" standalone = "yes"?>
<LICENSES>
<LICENSE>
<INFO>
<USER_LICENSE_NO>1337-Full</USER_LICENSE_NO>
<USER_ID>1337</USER_ID>
<USER_ORGANIZATION>iNViSiBLE TEAM</USER_ORGANIZATION>
<USER_NAME>iNViSiBLE TEAM</USER_NAME>
<USER_KIND>astah_professional</USER_KIND>
<USER_VERSION>6.0</USER_VERSION>
<USER_TYPE>Product</USER_TYPE>
<USER_RUN_FROM>-</USER_RUN_FROM>
<USER_RUN_TO>-</USER_RUN_TO>
<USER_SUPPORT_FROM>-</USER_SUPPORT_FROM>
<USER_SUPPORT_TO>-</USER_SUPPORT_TO>
<USER_CONSTRAINT>SingleUser</USER_CONSTRAINT>
<USER_CONSTRAINT2>-</USER_CONSTRAINT2>
<USER_CONSTRAINT3>-</USER_CONSTRAINT3>
<MACHINE_IDENTIFICATION_INFOMATIONS></MACHINE_IDENTIFICATION_INFOMATIONS>
<USER_ATTENTION>-</USER_ATTENTION>
</INFO>
<USER_SIGNATURE>MCwCFFwbpJBH6B+sOUDXEKwgBneiye+2AhRXVAxHMSqSzRyF3a+w3ZUUXO9q2Q==</USER_SIGNATURE>
</LICENSE>
</LICENSES>

